{
    "globalAmbient": [
        0.3499999940395355,
        0.3499999940395355,
        0.3499999940395355
    ],
    "lights": [
        {
            "active": true,
            "ambient": [
                0.15000000596046448,
                0.15000000596046448,
                0.15000000596046448
            ],
            "constantAttenuation": 1.0,
            "cutoff": 20.0,
            "diffuse": [
                0.8999999761581421,
                0.8999999761581421,
                0.8999999761581421
            ],
            "direction": [
                -1.0,
                -1.0,
                -0.5
            ],
            "exponent": 16.0,
            "linearAttenuation": 0.09000000357627869,
            "name": "DefaultDirectional",
            "position": [
                0.0,
                0.0,
                0.0
            ],
            "quadraticAttenuation": 0.03200000151991844,
            "specular": [
                1.0,
                1.0,
                1.0
            ],
            "type": 0,
            "visible": true
        }
    ],
    "objects": [
        {
            "active": true,
            "id": 0,
            "material": {
                "ambient": [
                    0.20000000298023224,
                    0.20000000298023224,
                    0.20000000298023224
                ],
                "diffuse": [
                    0.800000011920929,
                    0.800000011920929,
                    0.800000011920929
                ],
                "shininess": 32.0,
                "specular": [
                    1.0,
                    1.0,
                    1.0
                ]
            },
            "modelPath": "",
            "modelTexturePath": "",
            "objectName": "Cube_",
            "primitiveType": 1,
            "selected": false,
            "transform": {
                "position": [
                    21.507850646972656,
                    2.5414280891418457,
                    20.66004753112793
                ],
                "rotation": [
                    0.0,
                    0.0,
                    0.0
                ],
                "scale": [
                    1.0,
                    1.0,
                    1.0
                ]
            },
            "type": 0,
            "visible": true
        }
    ],
    "terrain": {
        "showTerrain": true,
        "terrainCellSize": 1.0,
        "terrainDepth": 200,
        "terrainHeightScale": 2.0,
        "terrainNoiseScale": 0.05000000074505806,
        "terrainSeed": 6767,
        "terrainTexturePath": "gfx/grass.png",
        "terrainWidth": 200
    }
}